,City,ID,State,height,weight,latitude,longitude
13,East Los Angeles,31, CA,6.01,213.0,34.0239015,-118.1720157
14,Vancouver,33, BC,5.11,185.0,49.2608944,-123.1139383
42,Spiro,91, OK,6.01,190.0,35.2412073,-94.619944
113,Detroit,269, MI,5.1,203.0,42.3486635,-83.0567375
146,Panama,343, FL,6.04,255.0,30.1600827,-85.6545729
163,Goldsboro,381, NC,6.05,311.0,35.3848841,-77.9927651
164,Happy Camp,383, CA,6.03,214.0,41.7931906,-123.3791946
172,Montreal,401, QC,6.02,251.0,45.5115944,-73.6051013
182,Kingston,427, ON,6.02,237.0,44.2298484,-76.4802835
203,Hamilton,485, ON,6.02,241.0,43.254687,-79.8678197
232,Syracuse,571, NY,6.03,215.0,43.0481221,-76.1474244
249,Kinshasa,617, Zaire,6.06,360.0,-4.3217055,15.3125974
254,Sherbrooke,631, QC,6.05,302.0,45.4029964,-71.887681
257,Myslenice,639, PL,6.02,198.0,49.834608,19.9384283
273,Eunice,691, LA,6.03,222.0,30.4943669,-92.4176324
274,Oakland,695, CA,5.1,190.0,37.8044557,-122.2713563
303,Jacksboro,773, TX,5.1,240.0,33.2184477,-98.1586558
315,Burlington,805, ON,6.04,305.0,43.3235642,-79.8011553
329,Meridian,851, MS,6.02,255.0,43.61732135,-116.406121618
341,Victoria,875, BC,6.08,312.0,48.4283327,-123.3649269
343,Victoria,881, BC,6.03,305.0,48.4283327,-123.3649269
362,Seattle,931, WA,5.1,195.0,47.6038321,-122.3300624
379,Etobicoke,991, ON,6.02,302.0,43.6435559,-79.5656326
388,Norco,1057, LA,6.01,222.0,33.9323307,-117.5508901
419,Sainte-Foy,1133, QC,6.02,302.0,46.7679035,-71.3082411
436,Medicine Hat,1167, AB,6.07,306.0,50.0415358,-110.6775465
447,Vancouver,1193, WA,6.03,250.0,45.6306954,-122.6744557
449,Monroe,1197, LA,5.11,180.0,38.2722313,-90.1792484
456,Truckee,1215, CA,5.09,218.0,39.327962,-120.1832533
459,Calgary,1223, AB,6.0,215.0,51.0530588,-114.0625614
467,Riverview,1239, NB,6.0,210.0,46.0565313,-64.8010731
468,Vancouver,1241, BC,6.05,325.0,49.2608944,-123.1139383
471,Taber,1247, AB,6.07,320.0,49.7929739,-112.1440646
472,Regina,1249, SK,6.04,295.0,50.4480951,-104.6158181
474,Gatineau,1253, QC,6.04,206.0,45.4563052,-75.7228828
475,New Westminster,1255, BC,6.0,219.0,49.2067004,-122.9108978
517,Yorkton,1347, SK,5.1,254.0,51.2116824,-102.4597301
536,North Vancouver,1389, BC,6.05,300.0,49.3200369,-123.0723435
589,Edmonton,1501, AB,6.0,210.0,53.5343609,-113.5065085
607,Florence,1543, SC,5.11,214.0,34.1984435,-79.7671658
617,Columbus,1567, OH,5.09,185.0,39.9622601,-83.0007065
630,Fayetteville,1593, NC,5.11,185.0,35.0529931,-78.8787058
631,Chattanooga,1595, TN,6.03,217.0,35.0456297,-85.3096801
679,Stoneham,1703, MA,5.1,204.0,42.4800954,-71.0994976
685,Brooklyn,1715, NY,6.03,250.0,40.6501038,-73.9495823
705,Detroit,1771, MI,6.06,325.0,42.3486635,-83.0567375
716,Libreville,1799, GA,6.02,238.0,0.3900022,9.4540009
732,St. Hubert,1849, QC,6.04,296.0,45.4839355,-75.661210316
746,Spanish Town,1887, JM,5.11,188.0,17.9956926,-76.954083
748,New Orleans,1891, LA,6.0,188.0,29.9499323,-90.0701156
752,Mobile,1899, AB,6.02,266.0,50.97387215,-113.999929195
764,Vancouver,1927, BC,6.02,217.0,49.2608944,-123.1139383
783,Vancouver,1969, BC,6.03,286.0,49.2608944,-123.1139383
790,Pickering,1983, ON,6.01,220.0,43.8356637,-79.0905386
797,Regina,1999, SK,6.01,208.0,50.4480951,-104.6158181
802,Calgary,2011, AB,6.01,195.0,51.0530588,-114.0625614
804,Kingston,2015, ON,6.0,192.0,44.2298484,-76.4802835
816,Saint-Sauveur,2039, QC,6.02,230.0,45.8942759,-74.1577196
817,Mississauga,2041, ON,5.1,195.0,43.5892854,-79.6441646
822,Madisonville,2051, KY,6.0,220.0,37.3280037,-87.4986989
847,Montreal,2107, QC,6.02,250.0,45.5115944,-73.6051013
852,Winchester,2121, TN,6.02,309.0,35.1859163,-86.1122071
857,Muskogee,2133, OK,5.1,215.0,35.6630196,-95.3927706
876,Fayetteville,2177, NC,6.04,277.0,35.0529931,-78.8787058
883,Calgary,2191, AB,6.01,225.0,51.0530588,-114.0625614
896,Ottawa,2217, ON,6.03,236.0,45.4210328,-75.6900219
905,Calgary,2239, AB,6.05,301.0,51.0530588,-114.0625614
926,Hamilton,2285, ON,6.0,230.0,43.254687,-79.8678197
936,Tampa,2305, FL,6.02,216.0,27.9518491,-82.4563972
954,Mechanicsville,2345, VA,6.0,195.0,37.628341,-77.3544157176
966,Vancouver,2371, BC,6.05,241.0,49.2608944,-123.1139383
967,Baytown,2373, TX,6.0,191.0,29.81483195,-94.9498151332
1018,North Chicago,2505, IL,6.04,265.0,42.325578,-87.8411818
1062,Mississauga,2613, ON,6.0,195.0,43.5892854,-79.6441646
1064,Regina,2619, SK,6.0,170.0,50.4480951,-104.6158181
1080,Sherbrooke,2661, QC,6.0,215.0,45.4029964,-71.887681
1093,Uxbridge,2701, ON,6.06,295.0,44.1075548,-79.1274154
1094,Toronto,2703, ON,6.03,245.0,43.6529206,-79.3849008
1146,Burlington,2813, ON,5.09,236.0,43.3235642,-79.8011553
1147,Pickering,2815, ON,6.04,263.0,43.8356637,-79.0905386
1149,Calgary,2825, AB,6.09,334.0,51.0530588,-114.0625614
1150,Bradenton,2827, FL,6.03,220.0,27.4724175,-82.5633751
1152,Richmond,2835, BC,6.0,228.0,49.163132,-123.137771
1167,Olathe,2887, KS,5.11,194.0,38.8843867,-94.8161127
1169,Bismarck,2893, ND,5.07,179.0,46.8083268,-100.7837392
1177,Portland,2921, ME,6.05,228.0,43.6610277,-70.2548596
1182,Edmonton,2931, AB,6.0,220.0,53.5343609,-113.5065085
1193,Courtice,2953, ON,6.03,243.0,43.90309095,-78.7875338795
1199,Toronto,2965, ON,6.03,197.0,43.6529206,-79.3849008
1202,Leon,2971, NI,6.03,215.0,12.619767,-86.5918195
1212,Oakland,2993, CA,5.1,186.0,37.8044557,-122.2713563
1216,Saginaw,3001, MI,6.01,250.0,43.4200387,-83.9490365
1219,Decatur,3007, AL,6.03,234.0,40.855019,-78.2690959
1221,Tacoma,3013, WA,6.04,322.0,47.2495798,-122.4398746
1226,Miami,3027, FL,5.11,219.0,25.800431,-80.263219
1229,Sebring,3035, FL,6.02,242.0,27.4957453,-81.4410425
1231,Nassau,3039, BS,6.0,233.0,25.0783456,-77.338333
1235,Camp Pendleton,3047, CA,6.0,210.0,33.3538691,-117.526429
1236,Hinesville,3049, GA,6.05,224.0,31.8477298,-81.5960354
1245,Manchester,3067, JM,6.01,260.0,18.06912875,-77.5189928969
1250,White Rock,3079, BC,5.09,175.0,49.0246299,-122.799814
1257,Montreal,3095, QC,6.02,205.0,45.5115944,-73.6051013
1261,Leesville,3105, LA,6.07,285.0,38.1417985,-77.0469176
1270,Edmonton,3127, AB,6.03,297.0,53.5343609,-113.5065085
1273,Spruce Grove,3133, AB,6.02,290.0,53.5448917,-113.9012094
1275,Kingston,3137, ON,6.0,248.0,44.2298484,-76.4802835
1278,Winnipeg,3145, MB,6.02,290.0,49.8833343,-97.1666741
1282,North Vancouver,3155, BC,6.0,180.0,49.3200369,-123.0723435
1285,Erie,3175, PA,5.09,189.0,42.129461,-80.085239
1287,Weyburn,3185, SK,6.04,304.0,49.666667,-103.85
1293,Dollard des Ormeaux,3199, QC,6.03,211.0,45.4839326,-73.8081214
1296,Regina,3205, SK,6.06,312.0,50.4480951,-104.6158181
1305,Regina,3227, SK,5.11,195.0,50.4480951,-104.6158181
1310,Winnsboro,3239, TX,6.02,211.0,32.9573449,-95.2902224
1315,St. Louis,3249, MO,5.1,198.0,38.6272733,-90.1978889
1324,Fonthill,3269, ON,6.06,312.0,43.0447134,-79.2839988
1332,Edmonton,3285, AB,6.03,225.0,53.5343609,-113.5065085
1338,San Antonio,3299, TX,6.01,189.0,29.4246002,-98.4951405
1345,Westlock,3315, AB,6.06,295.0,54.1525241,-113.8519901
1350,Saskatoon,3327, SK,6.02,217.0,52.1303794,-106.6605124
1352,Quebec,3331, QC,6.04,245.0,46.8257374,-71.2349114
1363,Shreveport,3355, LA,5.1,185.0,32.4828485,-93.8284831616
1365,Montreal,3363, QC,6.04,223.0,45.5115944,-73.6051013
1369,Tulsa,3373, OK,5.08,193.0,36.1556805,-95.9929113
1370,Madisonville,3375, KY,5.08,170.0,37.3280037,-87.4986989
1384,Winnipeg,3405, MB,6.02,280.0,49.8833343,-97.1666741
1391,Burnaby,3423, BC,6.01,202.0,49.2432773,-122.9725932
1396,Winnipeg,3437, MB,5.11,213.0,49.8833343,-97.1666741
1402,London,3449, ON,6.02,196.0,42.988097,-81.2460295
1408,Seffner,3461, FL,6.03,298.0,27.9836329,-82.2756468
1410,Brampton,3467, ON,6.02,240.0,43.714575,-79.7523867
1445,Orlando,3541, FL,6.0,201.0,28.5479786,-81.4127840856
1452,Seattle,3557, WA,6.01,203.0,47.6038321,-122.3300624
1459,Kelowna,3573, BC,6.02,199.0,49.8876629,-119.4961612
1466,Stockton,3589, CA,5.08,190.0,37.9577016,-121.2907796
1467,Toronto,3591, ON,5.09,192.0,43.6529206,-79.3849008
1468,Jacksonville,3593, FL,5.1,189.0,30.3321838,-81.655651
1479,Washington,3617, DC,5.11,185.0,38.8949549,-77.0366456
1496,Hutchinson,3653, KS,6.01,195.0,38.0608444,-97.9297743
1498,Washington,3657, DC,6.08,305.0,38.8949549,-77.0366456
1506,Warsaw,3673, PL,6.04,300.0,48.296782,-97.2560799
1507,Redding,3675, CA,6.02,215.0,40.5863563,-122.3916754
1510,Laval,3681, QC,6.03,239.0,45.60558895,-73.7344968952
1513,Medicine Hat,3687, AB,6.02,210.0,50.0415358,-110.6775465
1520,Saint-Raymond,3703, QC,6.03,275.0,46.888892,-71.8349878
1537,Windsor,3739, ON,6.04,281.0,42.3032758,-83.0285111
1541,Parksville,3747, BC,6.08,311.0,49.3181629,-124.311769
1544,Honolulu,3753, HI,5.08,180.0,21.304547,-157.8556764
1545,Regina,3755, SK,6.02,310.0,50.4480951,-104.6158181
1548,Dunwoody,3761, GA,6.02,225.0,33.9430886,-84.3097486129
1549,Orlando,3763, FL,6.01,206.0,28.5479786,-81.4127840856
1558,Baton Rouge,3781, LA,6.0,198.0,30.4507462,-91.154551
1561,Reddick,3787, FL,6.06,214.0,29.3666393,-82.1973183
1568,Alexandria,3803, LA,6.02,211.0,31.1990035,29.8943785
1569,Beaumont,3805, MS,5.08,185.0,28.2955667,-81.4103488
1571,Salem,3811, OR,6.02,216.0,44.9391565,-123.033121
1572,Georgetown,3813, GY,6.01,198.0,6.8025766,-58.1628612
1604,Virginia Beach,3879, VA,6.0,206.0,36.7183708,-76.2466798
1605,Kennewick,3881, WA,6.03,230.0,46.2112458,-119.1372338
1612,Chattanooga,3897, TN,6.05,285.0,35.0456297,-85.3096801
1614,El Paso,3901, TX,6.02,265.0,31.8111305,-106.501349296
1636,Fresno,3949, CA,6.01,193.0,36.7295295,-119.708861161
1643,London,3965, ON,6.0,201.0,42.988097,-81.2460295
1649,Vernon,3977, BC,5.11,217.0,50.266667,-119.266667
1651,Hinton,3981, AB,6.05,328.0,53.4046768,-117.570219
1652,Peterborough,3983, ON,6.04,215.0,44.2876446,-78.3272997
1668,Kigali,4019, RW,5.11,192.0,-1.9508511,30.0615075
1669,Rock Hill,4021, SC,5.09,189.0,34.9248667,-81.0250784
1670,Toronto,4023, ON,6.01,232.0,43.6529206,-79.3849008
1675,Toronto,4035, ON,6.03,281.0,43.6529206,-79.3849008
1681,Waldorf,4047, MD,6.02,251.0,38.6263882,-76.9106581
1684,Kinshasa,4053, CG,5.11,195.0,-4.2708946,15.2962951
1688,Toronto,4063, ON,6.0,198.0,43.6529206,-79.3849008
1691,Decatur ,4069, GA,6.02,265.0,33.7737582,-84.296069
1698,Ajax,4083, ON,6.02,192.0,43.8492143,-79.0241785
1700,Vancouver,4087, BC,5.1,217.0,49.2608944,-123.1139383
1702,Buff Bay,4091, JM,6.04,288.0,18.2328871,-76.6606214
1703,Richmond,4093, VA,6.04,210.0,37.5385087,-77.4342799
1706,San Diego,4101, CA,6.02,213.0,32.8931805242,-117.227145957
1712,Mobile,4113, AL,6.01,235.0,39.092585,-84.8532289
1713,Atlanta,4115, GA,6.03,243.0,33.7490987,-84.3901849
1715,Ottawa,4119, ON,6.04,299.0,45.4210328,-75.6900219
1729,Windsor,4153, ON,5.1,181.0,42.3032758,-83.0285111
1734,Universal City,4167, TX,6.02,277.0,29.5480071,-98.2911235
1743,New Rochelle,4187, NY,6.05,300.0,40.9115386,-73.7826363
1745,Westerville,4191, OH,6.02,201.0,40.1261743,-82.9290696
1751,Calabar,4203, NG,6.0,225.0,4.9795999,8.3373597
1752,Detroit,4205, MI,6.02,227.0,42.3486635,-83.0567375
1754,Edmonton,4209, AB,5.1,214.0,53.5343609,-113.5065085
1769,Willow Run,4241, MI,5.11,230.0,41.9432992,-83.468029
1775,Windsor,4253, ON,6.01,198.0,42.3032758,-83.0285111
1778,Tampa Bay,4259, FL,5.07,173.0,27.6886419,-82.5723193
1781,Stone Mountain,4265, GA,6.02,185.0,33.8062166,-84.1457505
1783,Kinshasa,4269, CG,6.0,230.0,-4.2708946,15.2962951
1791,Toronto,4285, ON,6.05,309.0,43.6529206,-79.3849008
1792,Girard,4287, OH,6.03,228.0,41.1539465,-80.7014662
1795,Blackville,4293, SC,6.03,203.0,33.3579297,-81.2706606
1798,Edison,4299, NJ,6.02,287.0,40.5382375,-74.3945172451
1799,Montreal,4301, QC,6.02,277.0,45.5115944,-73.6051013
1804,Jacksonville,4311, FL,5.11,200.0,30.3321838,-81.655651
1805,Simi Valley,4313, CA,5.08,206.0,34.2694474,-118.781482
1808,Edmond,4319, OK,5.1,200.0,35.6571367,-97.4649038
1811,Regina,4325, SK,6.02,213.0,50.4480951,-104.6158181
1812,Montreal,4327, QC,6.0,185.0,45.5115944,-73.6051013
1819,Fremont,4345, CA,6.0,208.0,37.5482697,-121.9885719
1823,Edmonton,4353, AB,6.02,185.0,53.5343609,-113.5065085
1825,Brockton,4357, MA,6.04,257.0,42.0834335,-71.0183787
1828,Rio Rancho,4365, NM,5.09,155.0,35.233375,-106.6644716
1829,Raleigh,4367, NC,6.05,310.0,35.7804015,-78.6390779
1833,Toronto,4375, ON,6.06,303.0,43.6529206,-79.3849008
1834,Miami,4377, FL,6.0,195.0,25.800431,-80.263219
1838,Washington,4385, DC,6.07,320.0,38.8949549,-77.0366456
1844,Jackson,4399, MS,6.0,190.0,39.0462506,-82.6428240666
1849,Antioch,4409, TN,6.0,190.0,35.147859,-87.3214064
1850,Houston,4411, TX,5.05,163.0,29.675779,-95.4021585102
1865,Oakland,4443, CA,6.04,195.0,37.8044557,-122.2713563
1870,Montesano,4453, WA,5.1,230.0,46.9812063,-123.6026629
1880,Calgary,4479, AB,6.03,290.0,51.0530588,-114.0625614
1891,Caracas,4501, VE,5.11,197.0,10.506098,-66.9146017
1892,Montreal,4503, QC,6.01,303.0,45.5115944,-73.6051013
1893,Pacoima,4507, CA,5.11,195.0,34.2625025,-118.427027
1894,New Orleans,4509, LA,6.07,318.0,29.9499323,-90.0701156
1895,St. James,4511, JM,6.03,270.0,18.3657862,-77.8522551053
1914,Huger,4557, SC,6.01,245.0,33.0965591,-79.803412
1925,Chatham,4579, ON,6.04,220.0,42.4050023,-82.190888
1929,St. Petersburg,4589, FL,5.07,191.0,27.77330515,-82.6469933
1937,Pasadena,4609, CA,6.0,189.0,34.1476452,-118.1444779
1938,Searcy,4611, AR,6.05,191.0,35.2506406,-91.7362488
1945,Pensacola,4631, FL,6.01,223.0,30.421309,-87.2169149
1967,Carrollton,4677, AL,6.01,205.0,33.2617871,-88.0950263
1970,Eustis,4683, FL,5.1,192.0,28.8561185,-81.6702562688
1980,Macclenny,4703, FL,6.0,245.0,30.2821807,-82.1220569
1985,Villa Rica,4713, GA,6.03,261.0,33.732052,-84.9191081
1996,Langley,4735, BC,6.01,214.0,49.1,-122.65
1999,San Jose,4741, Costa Rica,6.0,211.0,9.9325427,-84.0795781
2001,Miami,4747, FL,5.09,205.0,25.800431,-80.263219
2007,Upper Darby,4761, PA,6.01,228.0,39.9284459,-75.2737955
2011,Pine Bluff,4769, AR,6.0,208.0,34.2284312,-92.0031955
2013,Newark,4773, NJ,6.01,198.0,40.735657,-74.1723667
2015,Hartford,4777, CT,5.11,208.0,42.314365,-71.0725119
2017,Norfolk,4781, VA,6.01,209.0,36.9306505,-76.2573110672
2020,Charleston,4787, SC,6.03,204.0,32.7876012,-79.9402728
2024,Randolph,4795, NJ,6.04,221.0,40.538447,-74.5563259
2032,Mount Juliet,4811, TN,6.04,225.0,36.200055,-86.5186054
2040,Waldo,4827, OH,6.03,212.0,40.4589491,-83.0771326
2042,Flossmoor,4831, IL,6.04,300.0,41.5428123,-87.6847684
2043,Sumter,4833, SC,5.11,194.0,33.9204354,-80.3414693
2055,San Francisco,4857, CA,5.1,221.0,37.7792768,-122.4192704
2066,Charlotte,4883, NC,5.09,170.0,35.2270869,-80.8431268
2074,Montego Bay,4901, JM  ,5.1,201.0,18.4724603,-77.9217356
2076,Toronto,4905, ON,6.03,220.0,43.6529206,-79.3849008
2078,Barrie,4911, ON,6.03,220.0,44.3787033,-79.7030516
2084,Saskatoon,4923, SK,6.02,216.0,52.1303794,-106.6605124
2088,Edmonton,4931, AB,5.11,189.0,53.5343609,-113.5065085
2098,Ipatinga,4953, BR,5.11,221.0,-19.4777806,-42.5270801
2100,Calgary,4957, AB,6.01,231.0,51.0530588,-114.0625614
2102,Laval,4961, QC,6.01,240.0,45.60558895,-73.7344968952
2103,Rouyn-Noranda,4963, QC,6.01,225.0,48.24174,-79.0200604
2104,Calgary,4965, AB,6.06,295.0,51.0530588,-114.0625614
2109,Chateauguay,4975, QC,6.03,317.0,45.3637187,-73.758782
2113,Toronto,4983, ON,6.03,219.0,43.6529206,-79.3849008
2114,St-Jean-sur-Richelieu,4985, QC,6.04,211.0,45.3056879,-73.2533401
2120,Toronto,4997, ON,6.03,235.0,43.6529206,-79.3849008
2121,Montreal,4999, QC,6.03,250.0,45.5115944,-73.6051013
2126,Douglas,5009, NB,6.02,274.0,45.9997991,-66.7734623
2129,Highland Springs,5021, VA,6.0,200.0,37.553119,-77.3250464669
2134,Las Vegas,5033, NV,5.1,195.0,36.1662859,-115.149225
2137,Glenarden,5039, MD,6.05,260.0,38.9292782,-76.8616387
2140,Tallassee,5045, AL,5.09,180.0,32.5359683,-85.8932923
2155,Long Beach,5077, CA,6.05,227.0,33.7774658,-118.1884871
2158,Katy,5083, TX,6.02,196.0,29.7857853,-95.8243956
2161,Fort Lauderdale,5089, FL,6.02,285.0,26.1254381,-80.1381515
2163,Brampton,5095, ON,6.0,194.0,43.714575,-79.7523867
2164,Edmonton,5097, AB,6.03,280.0,53.5343609,-113.5065085
2167,Windsor,5103, ON,6.0,312.0,42.3032758,-83.0285111
2169,Yaounde,5109, CM,5.11,234.0,3.8689867,11.5213344
2170,Calgary,5111, AB,5.11,175.0,51.0530588,-114.0625614
2171,Lethbridge,5113, AB,6.03,299.0,49.6932413,-112.8509389
2172,Vancouver,5115, BC,5.08,152.0,49.2608944,-123.1139383
2173,Vancouver,5117, BC,6.0,207.0,49.2608944,-123.1139383
2174,Brantford,5119, ON,6.02,300.0,43.1394204,-80.2635893
2176,Dalemead,5125, AB,6.01,225.0,50.8733142,-113.6375709
2177,Pickering,5127, ON,6.05,260.0,43.8356637,-79.0905386
2179,Edmonton,5131, AB,5.11,218.0,53.5343609,-113.5065085
2180,Medicine Hat,5133, AB,6.04,250.0,50.0415358,-110.6775465
2183,Montreal,5139, QC,6.04,290.0,45.5115944,-73.6051013
2188,Orlando,5149, FL,6.05,238.0,28.5479786,-81.4127840856
2189,Winston-Salem,5151, NC,5.11,195.0,36.0998167,-80.2441445
2190,Melbourne,5153, FL,6.01,202.0,28.0836269,-80.6081089
2193,Hampton,5159, VA,5.11,225.0,52.5324707,-0.2763797
2202,Dallas,5177, TX,6.02,193.0,32.7762719,-96.7968558
2205,Ajax,5183, ON,6.02,205.0,43.8492143,-79.0241785
2208,Leland,5189, MS,5.1,182.0,33.4131725,-90.898434
2211,Palm Desert,5195, CA,5.11,200.0,33.7288179,-116.3825711
2216,Toledo,5205, OH,6.01,205.0,41.6786754,-83.5127283
2219,West Covina,5211, CA,6.02,210.0,34.0686208,-117.9389526
2220,Chattanooga,5213, TN,5.11,216.0,35.0456297,-85.3096801
2221,Kelowna,5215, BC,6.04,241.0,49.8876629,-119.4961612
2225,Champaign,5223, IL,6.04,225.0,40.1164205,-88.2433829
2230,Waldorf,5233, MD,5.11,199.0,38.6263882,-76.9106581
2232,Los Angeles,5237, CA,6.0,174.0,34.053717,-118.2427265
2236,Manning,5245, SC,6.01,192.0,33.6952318,-80.2107811
2237,Berkeley,5247, CA,5.11,193.0,37.8708393,-122.2728639
2241,Vancouver,5255, BC,6.04,236.0,49.2608944,-123.1139383
2244,Los Angeles,5261, CA,5.11,195.0,34.053717,-118.2427265
2251,Arp,5275, TX,6.05,211.0,32.2254332,-95.0577207
2261,Houston,5297, TX,6.05,255.0,29.675779,-95.4021585102
2263,Minneapolis,5301, MN,5.1,173.0,44.9772995,-93.2654692
2266,Auburn,5307, AL,6.01,240.0,41.4767352,-81.1443657
2270,Hamilton,5315, ON,5.11,185.0,43.254687,-79.8678197
2281,Tallahassee,5337, FL,6.05,205.0,30.44503265,-84.2825666998
2290,New Orleans,5355, LA,5.1,185.0,29.9499323,-90.0701156
2296,Mont-Tremblant,5367, QC,5.11,189.0,46.2633485,-74.5758582
2297,Rochester,5369, NY,6.02,220.0,43.1854754,-77.6106860508
2299,Steubenville,5373, OH,6.0,216.0,40.3697905,-80.6339638
2300,Fort Hood,5375, TX,5.11,175.0,31.20143875,-97.7717577135
2301,Downers Grove ,5377, IL,6.03,230.0,41.7946074,-88.0068999
2303,Cincinnati,5381, OH,5.11,200.0,39.1014537,-84.5124602
2307,Winston-Salem,5391, NC,5.08,160.0,36.0998167,-80.2441445
2312,Richmond,5401, VA,6.02,292.0,37.5385087,-77.4342799
2316,Lubbock,5409, TX,5.1,196.0,33.5778631,-101.8551665
2319,Riverdale,5415, GA,6.03,278.0,33.5726113,-84.4132594
2320,Winnipeg,5417, MB,5.1,238.0,49.8833343,-97.1666741
2325,Beaumont,5429, TX,6.06,325.0,30.0860459,-94.1018461
2330,Jackson ,5439, MS,6.0,185.0,39.0462506,-82.6428240666
2335,Kelowna,5449, BC,6.03,258.0,49.8876629,-119.4961612
2340,West Covina,5459, CA,6.03,276.0,34.0686208,-117.9389526
2341,Columbus,5461, GA,5.1,195.0,32.4609764,-84.9877094
2347,Tuscaloosa,5473, AL,5.11,192.0,33.494923,-86.8494879
2356,Yuma,5491, AZ,5.1,218.0,32.665167,-114.475904895
2365,New Orleans,5509, LA,6.03,290.0,29.9499323,-90.0701156
2367,Whitfield,5513, AL,6.02,262.0,32.3654182,-88.0902983
2370,Abbeville,5519, AL,6.03,241.0,31.5718352,-85.2504893
2380,San  Rafael,5539, CA,5.11,220.0,37.9735346,-122.5310874
2383,Woodinville,5545, WA,6.03,250.0,47.7545827,-122.1588902
2387,Atlanta,5553, GA,6.01,195.0,33.7490987,-84.3901849
2390,Memphis,5559, TN,5.11,171.0,35.1490215,-90.0516285
2396,Grand Rapids,5571, MI,5.1,195.0,42.9632405,-85.6678639
2403,Columbus,5585, OH,5.11,197.0,39.9622601,-83.0007065
2407,Pickerington,5593, OH,6.03,218.0,39.8842304,-82.7535049
2411,Waldorf,5601, MD,6.03,260.0,38.6263882,-76.9106581
2415,Dallas,5609, TX,6.02,237.0,32.7762719,-96.7968558
2431,Brampton,5643, ON,6.04,259.0,43.714575,-79.7523867
2432,Weyburn,5645, SK,6.02,318.0,49.666667,-103.85
2433,Hamilton,5647, ON,6.02,236.0,43.254687,-79.8678197
2436,Belleville,5653, ON,6.07,300.0,44.1618763,-77.3868022
2437,Arnprior,5655, ON,6.06,294.0,45.4380475,-76.3594015
2442,Ronks,5667, PA,6.0,196.0,40.0262104,-76.168566
2447,Canton,5677, MS,6.02,185.0,42.0258606,-88.1578524
2451,Miami,5689, FL,6.04,205.0,25.800431,-80.263219
2458,Jasper,5705, TX,6.04,319.0,30.9201995,-93.9965759
2459,Newport News,5707, VA,6.06,295.0,37.016827,-76.4505196
2460,Lake Charles,5709, LA,6.0,187.0,30.2265949,-93.2173759
2469,Elk Grove,5727, CA,5.1,188.0,38.4087993,-121.3716178
2476,Quebec,5741, QC,6.01,215.0,46.8257374,-71.2349114
2477,Drummondville,5743, QC,6.0,193.0,45.8852782,-72.5008611
2495,Orleans,5779, ON,5.11,211.0,45.4810426,-75.50996
2501,Kitchener,5793, ON,6.01,182.0,43.4516552,-80.4924615
2502,Edmonton,5795, AB,6.0,195.0,53.5343609,-113.5065085
2503,Surrey,5797, BC,5.11,199.0,49.1850834,-122.8446549
2504,Long Beach,5799, CA,5.1,184.0,33.7774658,-118.1884871
2505,Bellevue,5801, WA,6.0,195.0,47.6144219,-122.1923372
2518,Magog,5831, QC,6.0,220.0,45.2654023,-72.1477688
2519,Lagos,5833, NG,6.01,200.0,6.4550575,3.3941795
2523,Laval,5841, QC,6.01,255.0,45.60558895,-73.7344968952
2525,St. Catharines,5845, ON,5.11,205.0,43.1654193,-79.2391709
2526,Truro,5847, NS,6.01,195.0,45.366668,-63.300006
2529,Brandon,5855, MB,6.06,315.0,49.8493165,-99.9573544
2530,Calgary,5857, AB,6.05,275.0,51.0530588,-114.0625614
2531, Scarborough,5859, ON,5.1,199.0,43.7729273,-79.2576057
2533,Brampton,5863, ON,6.04,200.0,43.714575,-79.7523867
2535,Portsmouth,5867, NH,6.05,322.0,43.0717552,-70.7625532
2536,Waco,5869, TX,5.09,205.0,31.549333,-97.1466695
2537,Miami,5871, FL,5.08,193.0,25.800431,-80.263219
2538,Sylmar,5873, CA,6.01,215.0,34.3076252,-118.4492148
2541,North Miami,5879, FL,6.06,320.0,25.90560775,-80.1750694501
2544,San Antonio,5885, TX,6.01,222.0,29.4246002,-98.4951405
2546,Portland,5889, OR,6.01,191.0,45.5202471,-122.6741949
2547,Garland,5891, TX,6.04,276.0,32.912624,-96.6388833
2548,Monroe,5893, NC,5.07,168.0,34.9854275,-80.5495112
2549,New Oxford,5895, PA,6.03,225.0,39.8637087,-77.0558143
2550,San Diego,5897, CA,5.1,195.0,32.8931805242,-117.227145957
2553,Miami,5903, FL,5.09,175.0,25.800431,-80.263219
2555,Louisville,5907, KY,6.03,232.0,38.2542376,-85.759407
2558,Decatur,5913, GA,5.11,180.0,33.7737582,-84.296069
2562,Detroit,5921, MI,5.11,222.0,42.3486635,-83.0567375
2563,Carrollton,5923, TX,6.02,233.0,32.9537349,-96.8902816
2564,Akron,5925, OH,6.0,202.0,41.0830643,-81.5184854
2566,Mobile,5929, AL,6.01,254.0,39.092585,-84.8532289
2573,Franklin,5943, TN,5.11,189.0,35.1680139,-86.1084401
2575,Los Angeles,5947, CA,5.11,298.0,34.053717,-118.2427265
2576,Wichita,5949, KS,6.03,215.0,37.6922361,-97.3375448
2578,Vancouver,5955, BC,6.04,210.0,49.2608944,-123.1139383
2580,Mill Bay,5959, BC,6.01,190.0,48.6501669,-123.5562067
2585,Georgetown,5969, ON,6.02,210.0,43.6513445,-79.898947
2587,Teeterville,5973, ON,6.07,330.0,42.945519,-80.4439714
2593,Saskatoon,5985, SK,6.01,230.0,52.1303794,-106.6605124
2594,Chamblee,5987, GA,6.03,239.0,33.892176,-84.2988296
2595,Toronto,5989, ON,5.1,193.0,43.6529206,-79.3849008
2597,North Vancouver,5993, BC,6.03,278.0,49.3200369,-123.0723435
2624,Brandywine,6047, MD,6.01,195.0,38.6967833,-76.8477485
2626,Naracoorte,6051, AU,6.05,204.0,-36.9575267,140.7413543
2636,Torrance,6075, CA,5.08,186.0,33.8358492,-118.3406288
2649,Harbor City,6101, CA,5.11,208.0,33.7972822,-118.3004717
2650,Dallas,6103, TX,6.01,209.0,32.7762719,-96.7968558
2652,New Orleans,6107, LA,6.0,185.0,29.9499323,-90.0701156
2653,Daytona Beach,6109, FL,5.09,176.0,29.209288,-81.0226483
2654,Edmond,6111, OK,6.0,188.0,35.6571367,-97.4649038
2657,Echo Bay,6117, ON,5.11,235.0,46.4896698,-84.0657362
2658,Jacksonville,6119, NC,6.01,196.0,34.7540524,-77.4302415
2659,Asheville,6121, NC,6.04,225.0,35.6009498,-82.5540161
2661,Little Rock,6125, AR,6.02,258.0,34.7464809,-92.2895947
2662,Coquitlam,6127, BC,6.0,183.0,49.2835994,-122.7943314
2667,Alva,6137, OK,6.02,240.0,36.8050308,-98.6664737
2671,Baltimore,6145, MD,6.03,190.0,39.2908608,-76.6108073
2673,Birmingham,6149, AL,6.03,218.0,33.570499,-86.7657829
2678,Long Branch,6159, NJ,6.0,193.0,40.3042778,-73.9923596
2679,New Orleans,6161, LA,6.01,196.0,29.9499323,-90.0701156
2682,Manchester,6169, UK,6.03,240.0,53.4791466,-2.2447445
2689,Coward,6183, SC,6.06,280.0,33.973217,-79.7470111
2694,LaPlace,6193, LA,6.03,204.0,52.0977181,19.0258159
2697,Columbus,6199, GA,6.02,276.0,32.4609764,-84.9877094
2706,Piscataway,6221, NJ,6.02,239.0,40.5462553,-74.4660408
2708,Charleston,6225, SC,6.06,298.0,32.7876012,-79.9402728
2711,Atlanta,6231, GA,6.05,277.0,33.7490987,-84.3901849
2712,Landstuhl,6233, DE,6.04,233.0,49.4143311,7.5722301
2713,Sault Ste. Marie,6235, MI,6.03,297.0,46.490586,-84.3592691
2716,Augusta,6241, GA,6.02,282.0,33.4709714,-81.9748429
2717,Natchez,6243, MS,5.11,175.0,31.5445015,-91.3891351636
2719,Tampa Bay,6247, FL,6.03,197.0,27.6886419,-82.5723193
2721,Kansas City,6253, MO,6.03,224.0,39.0844687,-94.5630297
2723,Seattle,6257, WA,5.11,186.0,47.6038321,-122.3300624
2726,Pittsburgh,6263, PA,6.02,215.0,40.4416941,-79.9900861
2727,Queensville,6265, ON,6.02,294.0,44.1388859,-79.450536
2729,Moose Jaw,6271, SK,6.03,235.0,50.4001239,-105.5409135
2730,Hamilton,6273, ON,6.04,230.0,43.254687,-79.8678197
2735,Manteo,6283, NC,5.11,182.0,35.9082257,-75.6757303
2738,Vancouver,6293, BC,5.1,185.0,49.2608944,-123.1139383
2739,Carrolton,6295, TX,6.04,218.0,29.712711,-95.3202519
2740,Fort Lauderdale,6297, FL,6.0,185.0,26.1254381,-80.1381515
2742,Columbus,6301, OH,6.03,204.0,39.9622601,-83.0007065
2744,Bowling Green,6305, KY,6.05,198.0,36.9903199,-86.4436018
2746,Edison,6309, NJ,6.02,205.0,40.5382375,-74.3945172451
2756,Gillette,6337, WY,6.04,250.0,51.4314667,-0.9706475
2759,Granada Hills,6345, CA,6.02,180.0,34.2647247,-118.5231415
2760,Guelph,6347, ON,6.0,228.0,43.5461764,-80.2470591
2761,Waukegan,6349, IL,6.08,320.0,42.3636331,-87.8447938
2763,Homestead,6353, FL,6.02,265.0,25.4687224,-80.4775569
2764,Kileen,6357, TX,6.02,182.0,35.1708068,-101.9137544
2766,Rialto,6363, CA,6.03,260.0,34.1064001,-117.3703235
2772,Philadelphia,6375, PA,6.04,292.0,39.9523993,-75.1635898
2782,Akron,6397, OH,5.08,213.0,41.0830643,-81.5184854
2784,La Ceiba,6401, HN,6.0,198.0,15.7800929,-86.7888749
2785,Surrey,6403, BC,5.1,190.0,49.1850834,-122.8446549
2787,Katy,6407, TX,6.01,227.0,29.7857853,-95.8243956
2788,Acworth,6409, GA,6.01,252.0,34.0659329,-84.6768796
2789,Nanoose Bay,6411, BC,6.03,240.0,49.271131,-124.1926197
2794,Inkster,6421, MI,6.04,265.0,42.2942045,-83.3099303
2797,Canadian,6427, TX,6.03,250.0,35.91282,-100.3820772
2802,Washington,6437, DC,5.1,190.0,38.8949549,-77.0366456
2805,Jackson,6445, MS,5.11,205.0,39.0462506,-82.6428240666
2807,Columbus,6449, OH,6.0,224.0,39.9622601,-83.0007065
2812,Orlando,6459, FL,6.02,214.0,28.5479786,-81.4127840856
2813,Belle Glade,6461, FL,6.02,188.0,26.68837015,-80.672125768
2815,Peoria,6465, AZ,5.09,188.0,33.5766205,-112.2398262
2816,Southfield,6467, MI,6.02,185.0,42.4733689,-83.2218731
2825,Palo Alto,6485, CA,6.04,217.0,37.442156,-122.1634472
2826,East Aurora,6487, NY,5.11,191.0,42.7689141,-78.6177611
2827,Fort Collins,6491, CO,6.02,233.0,40.5508527,-105.0668085
2831,Round Rock,6499, TX,6.03,218.0,30.508235,-97.6788934
2833,Garner,6503, NC,5.07,153.0,35.7112642,-78.6141709
2835,Newark,6507, NJ,6.05,262.0,40.735657,-74.1723667
2838,Oklahoma City,6513, OK ,5.09,186.0,35.4729886,-97.5170536
2839,Augusta,6515, GA,6.02,260.0,33.4709714,-81.9748429
2841,Beaumont,6519, TX,6.0,235.0,30.0860459,-94.1018461
2845,Plantation,6527, FL,6.01,189.0,26.1265258,-80.2578610377
2847,Darby,6531, PA,6.03,205.0,39.9184461,-75.2590721
2850,Daytona Beach,6537, FL,6.0,194.0,29.209288,-81.0226483
2852,Los Angeles,6541, CA,5.1,185.0,34.053717,-118.2427265
2860,Batesville,6557, MS,6.02,172.0,39.30251345,-85.2271070728
2861,Charleston,6559, SC,6.0,219.0,32.7876012,-79.9402728
2870,St. Petersburg,6579, FL,6.03,210.0,27.77330515,-82.6469933
2875,Tampa,6589, FL,5.06,180.0,27.9518491,-82.4563972
2879,St. Louis,6597, MO,6.03,220.0,38.6272733,-90.1978889
2880,Livonia,6599, MI,5.11,185.0,42.36837,-83.3527097
2882,Atlanta,6603, GA,5.1,166.0,33.7490987,-84.3901849
2890,Laguna Niguel,6641, CA,6.02,280.0,33.5225261,-117.7075526
2891,Los Angeles,6643, CA,5.09,210.0,34.053717,-118.2427265
2892,Santa Monica,6647, CA,6.03,228.0,34.0195598,-118.4869739
2900,Mississauga,6667, ON,5.1,225.0,43.5892854,-79.6441646
2901,Markham,6669, ON,6.03,197.0,43.8539172,-79.3242549
2903,Marksville,6677, LA,6.04,314.0,31.1279652,-92.0662356
2911,Glendora,6693, CA ,6.03,210.0,34.1361187,-117.865339
2917,Brooklyn,6705, NY,6.03,205.0,40.6501038,-73.9495823
2918,Vernon,6707, TX,6.02,234.0,34.146258,-99.2968622989
2921,Brighton,6713, Ala.,6.02,229.0,33.4342755,-86.9472148
2926,Norman,6723, OK,6.0,197.0,35.2225717,-97.4394816
2931,Hayward,6733, CA,6.02,215.0,37.6688205,-122.0807964
2933,Lancaster,6737, CA,6.04,220.0,34.6981064,-118.1366153
2936,McKeesport,6743, PA,5.11,193.0,40.3478472,-79.864215
2938,Orrick,6747, MO,6.01,230.0,39.212785,-94.1227232
2942,Tampa,6755, FL,6.02,210.0,27.9518491,-82.4563972
2943,Demopolis,6757, Ala,6.06,300.0,32.5178284,-87.8368201
2945,San Antonio,6763, TX,5.1,180.0,29.4246002,-98.4951405
2948,Minnetonka,6769, MN,6.0,200.0,44.9127229,-93.499059
2949,New Orleans,6771, LA,6.05,308.0,29.9499323,-90.0701156
2951,St. Helena Island,6777, SC,6.0,211.0,32.3868607,-80.5606622
2954,Cincinnati,6783, OH,6.0,238.0,39.1014537,-84.5124602
2957,Charleston,6789, NC,5.11,190.0,36.1201561,-77.3755239
2960,Angie,6795, LA,6.02,204.0,58.5323798,25.4135049381
2962,Montclair,6799, NJ,5.11,212.0,40.8259332,-74.2090344
2967,Orlando,6809, FL,6.02,203.0,28.5479786,-81.4127840856
2972,Angleton,6819, TX,5.11,214.0,29.16941,-95.4318847
2975,Beaumont,6827, TX,6.06,245.0,30.0860459,-94.1018461
2976,Fresno,6829, CA,6.01,236.0,36.7295295,-119.708861161
2984,Wahpeton,6849, ND,5.07,175.0,46.2658789,-96.6088629
2985,Los Angeles,6851, CA,6.01,188.0,34.053717,-118.2427265
2991,Levittown,6863, PA,5.09,199.0,40.1573885,-74.8322396454
2995,Live Oak,6871, FL,5.1,176.0,30.2949457,-82.98402
2999,Norman,6879, OK,5.09,178.0,35.2225717,-97.4394816
3000,Pittsburgh,6881, PA,6.03,205.0,40.4416941,-79.9900861
3006,New Orleans,6893, LA,6.02,200.0,29.9499323,-90.0701156
3009,London,6899, UK,5.1,185.0,51.5073219,-0.1276473
3015,Fort Lauderdale,6911, FL,6.03,258.0,26.1254381,-80.1381515
3016,Dallas,6913, TX,6.01,200.0,32.7762719,-96.7968558
3017,Jackson,6915, MI,5.09,205.0,32.2990384,-90.184769
3021,Claremore,6923, OK,6.06,320.0,36.3125897,-95.6158701
3022,Euclid,6927, OH,6.02,237.0,41.5931049,-81.5267873
3023,Indianapolis,6929, IN,6.0,198.0,39.7683331,-86.1583501
3026,Raymond,6935, MS,6.0,204.0,38.2815271,-98.4161462
3027,Zephyrhills,6937, FL,5.11,199.0,28.241311,-82.1852348923
3038,Whitby,6961, ON,6.03,215.0,43.8997843,-78.9401236
3039,Mississauga,6963, ON,6.05,202.0,43.5892854,-79.6441646
3041,St-Lambert,6969, QC,6.03,210.0,45.5008354,-73.5105472
3047,La Tuque,6981, QC,5.11,200.0,47.4409666,-72.7850131
3048,London,6983, ON,6.05,220.0,42.988097,-81.2460295
3049,Toronto,6985, ON,6.01,180.0,43.6529206,-79.3849008
3051,Edmonton,6989, AB,6.01,192.0,53.5343609,-113.5065085
3054,Montreal,6995, QC,6.05,220.0,45.5115944,-73.6051013
3055,Delta,6997, BC,6.03,242.0,49.0846823,-123.0579922
3058,Montreal,7003, QC,6.0,200.0,45.5115944,-73.6051013
3060,Chicoutimi,7007, QC,6.01,265.0,48.4054903,-71.0678424
3062,Quebec City,7011, QC,6.0,202.0,46.8257374,-71.2349114
3063,Scarborough,7013, ON,6.02,300.0,43.7729273,-79.2576057
3064,Toronto,7015, ON,6.01,250.0,43.6529206,-79.3849008
3065,Prince George,7017, BC,6.02,188.0,53.9172526,-122.7461341
3067,Thunder Bay,7021, ON,6.05,248.0,48.4061651,-89.2591415
3069,Winnipeg,7025, MB,5.09,199.0,49.8833343,-97.1666741
3071,Montreal,7029, QC,6.0,215.0,45.5115944,-73.6051013
3073,Montreal,7033, QC,6.03,243.0,45.5115944,-73.6051013
3074,Kelowna,7035, BC,6.01,210.0,49.8876629,-119.4961612
3076,Richmond,7039, BC,6.04,304.0,49.163132,-123.137771
3077,Kitchener,7041, ON,5.11,201.0,43.4516552,-80.4924615
3078,Port Moody,7043, BC,5.1,215.0,49.2823679,-122.8298448
3079,Winnipeg,7045, MB,6.01,232.0,49.8833343,-97.1666741
3082,West Palm Beach,7053, FL,6.03,312.0,26.7153425,-80.0533746
3083,Collins,7055, MS,5.1,185.0,42.5148178,-70.9058823
3084,Watts,7057, CA,6.01,205.0,33.9405674,-118.2428485
3086,Leland,7061, MS,5.11,175.0,33.4131725,-90.898434
3087,Winnipeg,7063, MB,6.06,275.0,49.8833343,-97.1666741
3088,Brownwood,7065, TX,6.05,230.0,31.733789,-98.9858377266
3091,Bainbridge,7073, GA,6.02,217.0,30.9037995,-84.5754699
3092,Richmond Hill,7075, ON,6.03,298.0,43.8781648,-79.4385028
3093,Smithfield,7077, UT,5.08,175.0,41.838429,-111.8328045
3100,Calgary,7099, AB,5.11,195.0,51.0530588,-114.0625614
3101,Toronto,7103, ON,5.11,220.0,43.6529206,-79.3849008
3104, Port Coquitlam,7113, BC,6.04,275.0,49.2559998,-122.7651991
3106,Coral Springs,7121, FL,6.05,267.0,26.271192,-80.2706044
3107,Los Angeles,7123, CA,6.0,230.0,34.053717,-118.2427265
3109,Bastrop,7127, LA,5.1,183.0,30.1104947,-97.3152701
3112,Silver Spring,7133, MD,6.01,228.0,38.9906657,-77.026088
3113,Phoenixville,7135, PA,6.04,290.0,40.1303822,-75.5149128
3114,Flower Mound,7137, TX,6.04,240.0,33.0145673,-97.0969552
3119,Bradenton,7147, FL,5.1,195.0,27.4724175,-82.5633751
3120,Tallahassee,7149, FL,6.0,309.0,30.44503265,-84.2825666998
3121,Moorestown,7151, NJ,6.02,195.0,39.9670569,-74.9426677
3123,Oceanside,7155, CA,5.11,175.0,33.1958696,-117.3794834
3127,Wahiawa,7163, HI,6.0,200.0,21.5006235,-158.016670118
3130,Dallas,7169, TX,6.02,208.0,32.7762719,-96.7968558
3131,Seattle,7171, WA,5.09,190.0,47.6038321,-122.3300624
3132,Dade City,7173, FL,5.1,200.0,28.3647248,-82.1959178
3133,Cincinnati,7175, OH,6.01,226.0,39.1014537,-84.5124602
3137,Orlando,7187, FL,5.1,178.0,28.5479786,-81.4127840856
3139,Baltimore,7191, MD,6.05,283.0,39.2908608,-76.6108073
3140,Sarasota,7193, FL,5.09,172.0,27.3364347,-82.5306527
3141,St. Joseph,7195, MO,6.04,230.0,39.7686055,-94.8466322
3143,Birmingham,7199, AL,6.03,192.0,33.570499,-86.7657829
3144,Newport News,7201, VA,6.02,180.0,37.016827,-76.4505196
3145,Miami,7203, FL,6.03,213.0,25.800431,-80.263219
3146,Long Beach,7205, CA,6.03,264.0,33.7774658,-118.1884871
3147,Virginia Beach,7207, VA,6.0,208.0,36.7183708,-76.2466798
3149,Washington,7211, DC,6.01,252.0,38.8949549,-77.0366456
3153,Whittier,7219, CA,6.0,185.0,33.9748932,-118.0336975
3155,West Palm Beach,7223, FL,6.04,264.0,26.7153425,-80.0533746
3165,Carbondale,7243, IL,6.01,295.0,37.7274692,-89.216655
3168,Metairie,7249, LA,6.04,222.0,30.001721,-90.1766541825
3176,Chester,7265, PA,6.04,271.0,39.849557,-75.3557458
3177,Minneapolis,7267, MN,6.03,220.0,44.9772995,-93.2654692
3181,Del City,7277, OK,6.02,200.0,35.442007,-97.4408709
3182,St. Catharines,7279, ON,6.3,260.0,43.1654193,-79.2391709
3183,Markham,7281, ON,6.02,210.0,43.8539172,-79.3242549
3184,Aurora,7283, ON,6.0,230.0,43.9996971,-79.4675311
3189,Union,7295, GA,5.11,195.0,59.1988022,9.6137314
3195,Mead,7307, CO,6.03,263.0,40.2333174,-104.99859
3209,San Antonio,7335, TX,6.06,240.0,29.4246002,-98.4951405
3218,Tampa,7353, FL,6.01,220.0,27.9518491,-82.4563972
3219,Honolulu,7357, HI,5.07,196.0,21.304547,-157.8556764
3225,Montreal,7371, QC,6.03,220.0,45.5115944,-73.6051013
3230,Los Angeles,7381, CA,5.11,190.0,34.053717,-118.2427265
3236,Livermore,7395, CA,6.05,258.0,37.6820583,-121.7680531
3237,Rockwall,7399, TX,5.09,195.0,32.9312336,-96.4597089
3238,Kelso,7401, WA,6.05,298.0,46.1420334,-122.9060318
3239,Dallas,7403, TX,5.1,189.0,32.7762719,-96.7968558
3249,Hartford,7425, WI,6.08,315.0,43.3177776,-88.378857
3252,Goodrich,7431, MI,6.01,225.0,42.916972,-83.5063365
3254,Salem,7435, OR,6.03,206.0,44.9391565,-123.033121
3261,Richmond,7451, TX,5.07,185.0,29.5821811,-95.7607832
3267,Leesburg,7463, FL,6.01,196.0,28.810823,-81.8778582
3272,Lake Worth,7473, FL,5.11,191.0,26.62121345,-80.0626731782
3276,Sacramento,7481, CA,6.02,208.0,38.5815719,-121.4943995
3278,Azua,7485, DR,6.02,240.0,26.520016,-81.8594589
3281,San Francisco,7491, CA.,5.11,187.0,37.7792768,-122.4192704
3284,Collins,7497, MS,5.11,185.0,42.5148178,-70.9058823
3285,Miami,7499, FL,6.02,234.0,25.800431,-80.263219
3288,Lauderdale Lakes,7507, FL,5.1,195.0,26.1681519,-80.2047179855
3296,Fairfax,7523, VA ,6.03,248.0,38.8462236,-77.3063733
3301,Atlanta,7533, GA,6.03,281.0,33.7490987,-84.3901849
3309,Allen,7551, TX,6.04,215.0,33.1031744,-96.6705503
3311,Monte Nido,7555, CA,5.11,227.0,34.0808401,-118.6870309
3320,Tallahassee,7573, FL,6.03,205.0,30.44503265,-84.2825666998
3325,Augusta,7583, GA,6.02,295.0,33.4709714,-81.9748429
3331,North Royalton,7595, OH,6.0,238.0,41.3136644,-81.7245739
3333,Burlington,7599, NJ,5.09,183.0,39.9325409,-74.7226665
3342,Roswell,7617, GA,6.03,215.0,34.02332,-84.360022
3344,San Jose,7623, CA,5.11,211.0,37.3361905,-121.8905833
3345,Everman,7625, TX,6.04,288.0,32.630968,-97.2891817
3346,Plainfield,7627, NJ,5.07,172.0,40.6337136,-74.4073737
3351,New Iberia,7639, LA,5.08,163.0,30.0035365,-91.8187285
3352,Coppell,7641, TX,5.1,193.0,32.958352,-96.9881829965
3353,Rockville,7643, MD,5.09,191.0,39.0840054,-77.1527573
3354,Hamilton,7645, ON,5.11,230.0,43.254687,-79.8678197
3355,Chicago,7647, IL,6.0,216.0,41.8755546,-87.6244212
3358,Camarillo,7655, CA,6.04,224.0,34.2163939,-119.0376024
3362,Hamilton,7663, ON,6.0,204.0,43.254687,-79.8678197
3363,Dallas,7665, TX,5.11,205.0,32.7762719,-96.7968558
3370,Houston,7679, TX,6.04,317.0,29.675779,-95.4021585102
3372,Akron,7683, OH,5.11,190.0,41.0830643,-81.5184854
3380,Waupaca,7699, WI,6.03,225.0,44.3735635,-89.0318597938
3384,Toulon,7707, FR,6.04,225.0,43.1257311,5.9304919
3385,Pittsburgh,7709, PA,6.03,208.0,40.4416941,-79.9900861
3389,Encino,7717, CA,6.02,221.0,34.1588478,-118.500478
3391,Lakeland,7721, FL,6.03,210.0,28.0470698,-81.9539369
3392,Crescent City,7723, CA,6.04,210.0,41.7544965,-124.202627313
3396,Glendale,7731, AZ,6.01,307.0,33.558997,-112.404682964
3399,Texarkana,7739, TX,5.11,203.0,33.425125,-94.0476882
3404,Bellevue,7751, OR,6.01,195.0,45.1153935,-123.3162168
3405,New York,7753, NY,6.03,212.0,40.7305991,-73.9865812
3415,Fresno,7773, CA ,5.1,180.0,36.7295295,-119.708861161
3419,Columbus,7781, OH,5.11,176.0,39.9622601,-83.0007065
3422,Rocklin,7787, CA,6.02,300.0,45.496084,-62.7787413
3423,Pomona,7789, CA,6.03,250.0,34.0552886,-117.7522793
3424,New Brunswick,7791, NJ,6.02,185.0,40.4862174,-74.4518173
3425,Hempstead,7793, TX,6.05,203.0,30.102206,-96.0815906372
3428,Fayetteville,7799, NC,6.03,213.0,35.0529931,-78.8787058
3430,Conshohocken,7803, PA,5.11,211.0,40.0792766,-75.3015714
3431,Baltimore,7805, MD,6.02,255.0,39.2908608,-76.6108073
3433,Columbus,7809, OH,6.0,195.0,39.9622601,-83.0007065
3434,White Plains,7811, NY,6.02,294.0,41.0339862,-73.7629097
3436,Palatka,7815, FL,6.02,252.0,29.6487882,-81.6372111
3444,Palm Bay,7831, FL,6.01,195.0,28.0331886,-80.6429695
3457,Oklahoma City,7861, OK,6.02,225.0,35.4729886,-97.5170536
3460,Indianapolis,7867, IN,5.08,185.0,39.7683331,-86.1583501
3462,Hillsboro,7871, TX,6.02,185.0,32.0109886,-97.1300061
3466,Scottsdale,7881, AZ,6.05,265.0,33.5091215,-111.8992365
3467,Rancho Cordova,7883, CA,6.04,240.0,38.5890723,-121.302728
3468,Durham,7885, NC,6.03,275.0,35.9940329,-78.898619
3469,Concord,7887, CA,5.1,186.0,37.9779777,-122.0310733
3470,Kennewick,7889, WA,6.04,300.0,46.2112458,-119.1372338
3473,Opelika,7899, AL,5.11,193.0,32.728672,-85.3922532294
3475,Brooklyn,7903, NY,6.03,249.0,40.6501038,-73.9495823
3477,Greensboro,7907, NC,6.01,235.0,36.0726355,-79.7919754
3478,Pittsburgh,7909, PA,6.02,225.0,40.4416941,-79.9900861
3481,Mississauga,7921, ON,6.02,250.0,43.5892854,-79.6441646
3482,Mississauga,7923, ON,6.03,235.0,43.5892854,-79.6441646
3483,Scarborough,7925, ON,5.08,193.0,43.7729273,-79.2576057
3486,New Orleans,7931, LA,6.05,272.0,29.9499323,-90.0701156
3487,Port Coquitlam,7933, BC,6.04,300.0,49.2559998,-122.7651991
3491,Chicago,7941, IL,6.04,242.0,41.8755546,-87.6244212
3492,Forestville,7943, MD,5.11,195.0,38.8451131,-76.8749722
3495,Columbus,7949, OH,5.1,241.0,39.9622601,-83.0007065
3496,Germantown,7951, MD,5.11,210.0,39.1731621,-77.2716502
3497,Landover ,7953, MD,6.01,220.0,38.9340002,-76.8966397
3498,Houston,7955, TX,6.02,195.0,29.675779,-95.4021585102
3499,Washington,7957, DC,5.08,145.0,38.8949549,-77.0366456
3500,Shawnee,7959, KS,6.03,295.0,39.0416718,-94.7202376
3501,Stone Mountain,7961, GE,5.11,197.0,58.7909977,-124.7676939
3502,Owasso,7963, OK,6.01,220.0,36.2661536,-95.8549456
3504,Nashville,7967, TN,6.02,205.0,36.1622296,-86.774353
3508,Houston,7977, TX,5.1,190.0,29.675779,-95.4021585102
3512,Oakland,7985, CA,5.08,175.0,37.8044557,-122.2713563
3513,St. Petersburg,7987, FL,6.04,290.0,27.77330515,-82.6469933
3514,Washington,7989, DC,5.11,285.0,38.8949549,-77.0366456
3515,Pickering,7991, ON,6.0,192.0,43.8356637,-79.0905386
3517,Lufkin,7995, TX,6.02,305.0,31.3382406,-94.729097
3520,Orlando,8001, FL,6.0,171.0,28.5479786,-81.4127840856
3521,Gainsville,8003, FL,6.01,209.0,30.201296,-81.9781729
3522,Bromont,8005, QC,6.02,239.0,45.3179708,-72.6569494
3523,Ottawa,8007, ON,6.0,252.0,45.4210328,-75.6900219
3524,Puyallup,8009, WA,5.11,178.0,47.1849009,-122.2921406
3528,Toronto,8023, ON,6.01,190.0,43.6529206,-79.3849008
3535,Calgary,8037, AB,6.02,210.0,51.0530588,-114.0625614
3539,Danville,8045, CA,6.02,205.0,37.8215929,-121.9999606
3542,Cleveland,8051, OH,6.0,190.0,41.5051613,-81.6934446
3543,Toronto,8053, ON,6.0,185.0,43.6529206,-79.3849008
3545,Calgary,8057, AB,6.0,201.0,51.0530588,-114.0625614
3546,Edmonton,8059, AB,6.0,220.0,53.5343609,-113.5065085
3547,Winnipeg,8061, MB,5.1,210.0,49.8833343,-97.1666741
3552,Winnipeg,8071, MB,6.0,215.0,49.8833343,-97.1666741
3555,Bakersfield,8077, CA,6.0,190.0,35.3738712,-119.0194639
3556,Angleton,8079, TX,5.09,186.0,29.16941,-95.4318847
3558,Philadelphia,8083, PA,6.02,207.0,39.9523993,-75.1635898
3559,Miami,8085, FL,6.03,246.0,25.800431,-80.263219
3562,Vancouver,8091, BC,6.02,225.0,49.2608944,-123.1139383
3563,Edmonton,8093, AB,6.05,282.0,53.5343609,-113.5065085
3565,Mississauga,8097, ON,6.02,230.0,43.5892854,-79.6441646
3566,London,8099, ON,6.01,242.0,42.988097,-81.2460295
3574,Mesquite,8115, TX,5.09,180.0,32.7666103,-96.599472
3575,Lachine,8117, QC,6.02,305.0,45.4333354,-73.6810251
3577,Edmonton,8121, AB,6.04,290.0,53.5343609,-113.5065085
3578,Regina,8127, SK,6.04,212.0,50.4480951,-104.6158181
3579,Sarasota,8129, FL,6.0,220.0,27.3364347,-82.5306527
3584,Laval,8139, QC,6.03,262.0,45.60558895,-73.7344968952
3585,Nobleton,8141, ON,6.02,223.0,43.9022127,-79.652722
3586,Mississauga,8143, ON,6.05,235.0,43.5892854,-79.6441646
3588,Saint-Catherines,8151, ON,6.01,200.0,51.34198555,-2.25182505396
3590,Hamilton,8155, ON,6.05,290.0,43.254687,-79.8678197
3593,Atlanta,8163, GA,6.03,315.0,33.7490987,-84.3901849
3594,Vancouver,8165, BC,6.02,231.0,49.2608944,-123.1139383
3595,Arlington,8167, TX,5.11,190.0,32.7355816,-97.1071186
3596,Salt Lake City,8169, UT,6.0,234.0,40.7670126,-111.8904308
3597,Monroe,8171, LA,5.09,190.0,38.2722313,-90.1792484
3601,Bellflower,8179, CA,5.11,195.0,33.8825705,-118.1167679
3613,Phoenix,8207, AZ,6.03,236.0,33.4467681,-112.0756724
3617,Los Angeles,8217, CA,5.08,180.0,34.053717,-118.2427265
3620,Pickering,8223, ON,6.05,225.0,43.8356637,-79.0905386
3622,Darlington,8227, SC,5.11,220.0,34.2998762,-79.8761741
3623,Hull,8229, QC,6.03,235.0,45.4259696,-75.7149021
3625,Cambridge,8233, ON,6.02,205.0,43.3842987,-80.3098064
3626,Gainsville,8235, VA,5.08,180.0,-37.8214141,144.9649728
3630,Miami,8245, FL,6.0,178.0,25.800431,-80.263219
3634,Birmingham,8253, AL,6.04,230.0,33.570499,-86.7657829
3636,Homestead,8259, FL,6.02,229.0,25.4687224,-80.4775569
3652,Orange,8303, CA ,5.09,200.0,33.7500378,-117.8704931
3653,Etobicoke,8305, ON ,5.11,214.0,43.6435559,-79.5656326
3655,Montreal,8315, QC,6.0,245.0,45.5115944,-73.6051013
3660,Geneva,8329, NY,5.1,185.0,42.8689552,-76.9777436
